tf_idf_0,tf_idf_1,tf_idf_2,tf_idf_3,tf_idf_4,tf_idf_5,tf_idf_6,tf_idf_7,tf_idf_8,tf_idf_9,tf_idf_10,tf_idf_11,tf_idf_12,tf_idf_13,tf_idf_14,tf_idf_15,tf_idf_16,tf_idf_17,tf_idf_18,tf_idf_19,tf_idf_20,tf_idf_21,tf_idf_22,tf_idf_23,tf_idf_24,tf_idf_25,tf_idf_26,tf_idf_27,tf_idf_28,tf_idf_29,headline
0.273199166133,-0.230139343688,0.349432363199,-0.109069526177,0.0283815399859,0.0166719077978,0.122868775482,-0.0501879373772,0.00932658418805,-0.230132458963,0.0190524718122,-0.135099175165,0.063499036355,-0.0442430984025,-0.00238370950226,-0.0781770278386,0.0215344707166,0.0351949372516,-0.0270248160804,-0.0543126846093,0.0692586106891,-0.0123011759038,0.0644197896053,0.0424707656315,-0.0445247375676,0.0458718964745,-0.00525095285184,-0.00396037773351,0.0235256377846,0.069609829162,הסערה בפתח: בחרמון נערכים לסופת שלגים
0.135622341927,-0.0384374798475,-0.0565839112785,-0.0753084934216,-0.032714221858,-0.0326882521166,0.0364958159864,-0.00547122038094,0.0166810292127,0.0156929905138,-0.0902926787204,-0.11186943816,-0.107279709147,-0.123421515224,0.25110304358,0.217285292046,-0.118871266324,-0.057579752467,0.00534404184679,-0.0507403198195,0.0416612379759,-0.0850840792938,-0.0900001264426,-0.00818235558044,0.117535421752,0.220139676191,-0.0127753895284,0.10900149298,0.115877367277,-0.0428848679624,ניו יורק קיבלה את 2016. ואיך חגגו בישראל?
0.0151661612481,-0.00590697628321,-0.00921894526072,-0.0096551928265,-0.011533293741,-0.00758955932466,0.0125181379341,0.0166262987011,0.0214446215842,0.00642040656035,-0.00105347334837,0.00795509626225,-0.00837218855887,-0.0283280991456,0.0310524654425,0.0739442382417,0.0237849285813,-0.0081921397403,-0.00513380846797,-0.0449929567389,0.0473034689681,-0.0697717171784,0.0523107272364,0.113856207897,-0.031025256065,0.0228151549364,0.0175170308101,-0.0399580901715,0.0401176806643,0.0897167596826,"התגובה של ""גב האומה"" ל""יוצא מהארון"". צפו"
0.075353834579,-0.0345618099924,-0.0182761615183,-0.00964873150186,0.0477409046405,0.0226395362802,0.00158693602668,0.0931492517366,-0.0253333800452,0.0360654762575,-0.074146162012,0.065643068742,0.0641338068494,-0.0455331750235,0.0211929251719,-0.0113145819624,0.071330063777,-0.171205550261,-0.202921131301,-0.00507281759653,-0.249530896289,0.200288648015,0.286552945864,-0.0932309321209,-0.294017033143,-0.0106400825127,0.00121483244389,-0.141960602406,0.124507703721,-0.0549552851623,חשד לחבלה: יישובים בגוש עציון נותקו מחשמל‏
0.123292575041,-0.0347244221739,-0.0390499418059,0.0265928781432,-0.021586975348,-0.00389100101406,-0.00177833874119,0.0859106444825,0.0223427425748,-0.071536207386,0.0357322995861,-0.101335284655,-0.130867397062,-0.0934575537498,0.435081101871,0.31122381334,-0.22652261908,0.0239571970096,0.0129241896838,0.0678709937878,0.0646275377533,0.0488790663272,0.0391117406062,0.045155931311,-0.185291479772,-0.00745716244817,0.0611517799649,0.0478402472886,-0.0583918571662,-0.0698057728452,ברוכים הבאים ל-2016: 227 תינוקות נולדו
0.10991258405,-0.0354023780964,-0.095016524919,-0.0666723922842,-0.0372411091395,-0.0931878776263,-0.0678466166049,-0.125802516276,-0.139143474303,0.0913333198982,0.509074573675,0.0418283542347,0.213667393807,0.231764460458,0.257720297211,-0.18342967388,0.00763011739705,0.0430173239289,0.0377634668654,-0.0189396219168,-0.00206014852802,0.0822037243347,0.00843060117293,-0.0354113074821,0.0116241646529,0.0476522827958,-0.00556648511059,0.0282605606498,0.0881440999175,-0.00289447764683,"אותר כלבו של הפצוע שנבהל מהיריות ונמלט: ""נמצא מותש ורועד מקור"""
0.171054556187,-0.0535334158524,-0.132493226331,-0.124000362788,-0.0960230597744,-0.0645462302169,0.0923368002565,-0.0454966783136,-0.197715062879,6.73904134906e-05,-0.119674637815,-0.084032970427,-0.177435020426,0.15980718613,-0.043580910931,-0.049833623317,-0.0899471380735,0.104818726419,0.0810575994304,-0.042372159449,-0.00951863399574,0.034111514124,0.00419466587013,-0.0188123900281,0.0578747667268,-0.00961758835947,-0.104596095684,-0.0970642023429,0.00640773959701,0.0178226648498,נרות נשמה ופאבים סגורים: דיזנגוף אחרי הפיגוע
0.200255819809,-0.109156139062,-0.0735865136865,0.364901848011,-0.0977101391066,0.0207213008654,0.0432651127945,-0.079473680765,0.0457287059772,0.0194154046575,-0.0417362786459,0.008431066808,-0.000569404172399,0.0718722865341,0.0214998556809,0.0984856792127,-0.0353692241942,0.0224203678491,0.0355502879967,0.0329337943472,0.00911376400413,-0.0734686080212,0.0379666098819,-0.151637629473,-0.00355053989389,-0.0479561354803,-0.010464129855,-0.021941978621,-0.0855412796552,0.130756705336,אסון משפחתי: הורים ובתם בת ה-5 נהרגו בתאונה
0.102046818908,-0.0484908023445,0.0405866366821,-0.0126474771984,-0.0169030310401,-0.0125266877552,-0.00567957704056,0.0522750879577,0.00726978117549,0.105242220278,-0.0246148151247,0.117840413133,-0.0366505791608,-0.0573039754426,0.061201581202,0.00657952161278,0.0122149777939,-0.00790152945107,-0.157790665215,-0.012318975015,-0.0590038174695,-0.0772692918152,0.262290212859,0.16440961317,0.0812731622201,-0.114581650737,0.145278266966,-0.0280560975321,0.0050196829044,0.312835897368,4:00 בבוקר במדבר: צפו בציידי השיטפונות
0.209260385957,-0.0660267897092,-0.165473551498,0.104739694524,0.0516354755026,-0.096215276493,-0.384177207643,-0.240847769142,0.207719628379,-0.283504940829,-0.190370580007,0.15773490941,0.0186947860785,0.0576655334044,0.0918093303508,-0.142549923667,-0.11244387242,-0.0951785776007,0.069573654185,-0.0440571765934,0.0320333396569,0.0161969158892,-0.0109400142455,0.0442980694212,0.0165824975696,0.0234643366019,0.0254717513664,0.0235462899891,-0.0144280865965,0.0205108534499,אסון ברהט: שלושה פעוטות נחנקו למוות. אמם קרובת משפחתו של נרצח מתל אביב
0.0996404318611,-0.0292599901491,-0.0765365092716,-0.0930083184681,-0.0626374322872,-0.0644232623172,0.0130231528514,0.0590280839104,-0.0236568734354,-0.0124414839938,-0.0657838286951,0.0120365698396,0.0886912080231,-0.0588459338524,-0.0852674916863,-0.0344822729875,0.0268286806532,-0.115966936733,-0.108236362811,0.119908050207,0.0137812369486,-0.00132905156764,-0.0499676899146,-0.0729885906617,-0.114665625861,0.275904882354,0.030961937978,-0.00904173090414,0.0471979706596,0.0540058029779,"מורה של המחבל: ""הוא לא היה נורמטיבי, ילד של כעסים"""
0.0816386542584,-0.00944570310184,-0.0702849737729,-0.0603805561748,-0.0580798516441,-0.0511873019497,0.0391674452265,0.0413311152316,0.0193373529668,-0.0127416646739,-0.0257458644197,0.0712352750617,0.0219995183911,-0.152445950067,-0.043570034568,0.0696965084791,0.130859643265,0.285558684865,0.19627123686,-0.292332369145,0.0299373081684,0.344586916099,-0.0729935093687,0.0678028439115,-0.0131054286403,0.0855967855921,0.103926765073,-0.132406470001,-0.14632710811,-0.103588927897,"מי שבא לגן בת""א קיבל את הנשיא מקריא סיפור. צפו"
0.258749010857,0.0152874334104,-0.160991008871,-0.205509999891,-0.166992318723,-0.160231357805,-0.0609999731533,-0.0632054245469,0.20694575688,0.0116070310698,0.043968342174,0.0315192653463,0.0494277376728,-0.164910086654,-0.122423867438,0.159896617406,0.0998262168457,-0.149603890877,-0.0199723967473,0.0144226844728,0.00355344210676,-0.041531038406,-0.0225735693703,0.0105132257103,0.024004520589,0.0312354942145,-0.0511724506092,0.0923490124262,0.0550765057834,0.0940603899593,"קורבנות הפיגוע הובאו למנוחות: ""המדינה קוראת את הפוסטים שלך ובוכה עליך"""
0.0776286960915,0.00209035485,-0.0588866408363,0.0434962681474,0.0246398432881,-0.0546531146652,-0.256204436459,-0.139905835784,0.175333784438,-0.278933755904,-0.154524155266,0.163166783428,0.00973970854875,0.0351105808956,0.0380046638402,-0.182306884294,-0.130205477372,-0.194569098727,0.133587407044,-0.0225071197306,0.0720389070808,0.123428678373,-0.0196768089631,0.148392047152,0.0167915867675,0.0923007289723,-0.0480176685623,-0.00977410430965,-0.0131210294941,0.0388980733827,"הפעוטות שנספו ברהט למנוחות: ""אלוהים רצה אותם איתו"""
0.180500993258,-0.0634842755926,-0.120628500869,-0.0814749208063,-0.0729773470137,-0.023621853329,0.0578196407392,-0.0141032924402,-0.108029721926,-0.0204289160912,-0.0800653553108,-0.0471154366631,-0.118139548645,0.0459513933917,-0.0383426524149,-0.0267541297922,-0.055230740419,0.126950689164,0.0198185179975,-0.0941655544009,-0.0860950358486,0.195441790192,0.146776176629,-0.0614004620833,0.0751165360674,0.197650262347,-0.0939397195608,0.0132302039073,-0.0348929380902,-0.060864711243,עיר עם הפסקה: גן הילדים אסף כסף למאבטח עם גז פלפל
0.276477537764,-0.270088399329,0.501193732117,-0.143351538602,0.0261620522514,0.000473754414553,0.0452563649416,-0.0810200906573,0.0292414828301,-0.144815564379,0.0162088204633,-0.119893373861,0.094706671966,0.0318741685686,-0.0478714996218,0.015981482508,-0.0120414584424,-0.0105594000127,0.0962824199757,0.0465232110539,-0.0774587300179,0.00149778129505,-0.0359704792311,-0.0324784913258,-0.00186726356774,-0.01856064138,-0.0171400232912,0.0490526575288,-0.00937983733981,-0.0475491546801,החורף במספרים: הקיבוץ הכי רטוב שיש והעיר הגדולה שבצמרת הטבלה
0.0638360686469,-0.0262352024268,-0.0555613473103,-0.0300049394039,0.0665563573501,0.00560753141841,0.0676315687803,0.0142629510948,-0.0138935544103,0.0397856932344,-0.0634892107254,-0.0261550339044,0.0196686643692,-0.0482602774091,0.0625542608035,-0.02944290014,0.0829799443613,0.0299701495663,-0.0379306527192,0.0421223181481,0.12088319949,0.0712101519752,-0.0761814854411,-0.0182453595542,0.163430834203,0.201354180838,-0.000268444855396,0.0999870422592,0.0539171925709,-0.0403128922686,וושינגטון פוסט: חוק העמותות - סכנה לדמוקרטיה הישראלית
0.134628629879,-0.0176366468033,-0.118933192966,-0.0923852272319,-0.0793565342475,-0.159542415262,-0.0939450546146,-0.190392735736,-0.116927524326,0.0823925139166,0.420436963759,0.0150351342167,0.253642793,0.222243721236,0.208963126749,-0.140436300661,0.0168724993546,0.00410946114969,-0.0265127862212,0.00526023632981,-0.0123939851638,0.0134950305772,-0.0280076370069,-0.00989257074625,-0.0362617152337,0.0321845265027,0.0740054873921,-0.059648314397,0.057982240734,-0.0185499038289,"פצוע הפיגוע מתאושש: ""שאל אם המחבל נתפס"""
0.0989002030911,-0.00743294106367,-0.0544893883992,-0.016011672812,0.00715076227121,0.0449656126261,-0.00509769642674,0.211465780278,0.00873797595539,-0.0919562996602,0.0536161682814,0.048601862849,0.0290311044214,-0.0798107964018,0.032457599445,0.0185377832694,-0.0460447155084,0.188934541351,-0.02625055449,0.0994580184833,-0.0571822137025,0.0692422720119,-0.0804992757745,-0.00713744256314,0.0347833026855,0.0105896602613,-0.0989237121392,0.0509294922041,-0.0484029376461,0.0223274986615,7 שנים אחרי הטרגדיה: בתו של דרעי תובעת 
0.179003040692,-0.0382618005762,-0.134066434017,-0.116361677511,-0.0668255912683,-0.0796376252596,0.0888795690009,-0.0255976443673,-0.284442947991,-0.0201624865559,-0.159124028894,-0.119741816046,-0.203679477426,0.20570990119,-0.132964211364,-0.0619891290042,-0.17487069096,0.0998372433933,0.0149465172906,-0.086089911312,-0.0891520550168,0.0716595122798,0.0293663256209,-0.0462079580378,-0.0103157222682,0.0838631909952,-0.041652986017,-0.101770932646,0.0383198846554,0.0222679378711,"חוזרים לשגרה: ב""סימטא"" אוספים את השברים"
0.0634261540745,-0.0380685994328,-0.0148745575013,0.0480013537111,-0.0162797879078,0.00848560390007,0.0309995620037,0.0967643219419,0.00322278986282,0.0861275761235,-0.036011497859,-0.0125524445623,0.190683227961,-0.0810644437561,0.0321988316922,-0.0465096042713,-0.187484577689,-0.0595953877894,0.061572808856,-0.0979163327755,-0.101978752087,0.00201042731295,0.328143267938,0.17067498379,0.110863372174,-0.188956937023,0.00530482332772,0.0491093189757,-0.187186110358,-0.264958001607,עז נגחה בגבר כבן 50 בחיפה
0.102641762992,-0.0635302347944,0.0129879965084,-0.0187008764672,-0.00240157123116,-0.016452373778,-0.0199379994196,0.0884131108933,-0.0690548247456,0.115886044584,-0.030338686411,0.101710026006,-0.0707429566356,-0.0521711878315,0.0298697757,-0.202234041086,0.0707069998352,-0.0314699618149,-0.120778484403,-0.191245182443,0.443425761074,-0.100933080942,-0.0129693114428,-0.09979937669,-0.220413622586,-0.0549548288479,-0.0922678486288,0.0582609504899,-0.213931963714,-0.108344189643,"סיני הגיע בסירה לישראל: ""יצאתי מיוון"""
0.0992697511492,-0.0636164957782,0.0198775995134,-0.0161331424904,-0.000920658367731,0.03326705526,0.0585354621915,-0.00734689523278,-0.0221159136321,-0.0250045040841,-0.0320954465035,-0.0826481637212,-0.0958327496866,-0.0891275339541,0.15057240365,-0.0804566334228,0.0529440281327,-0.117817775177,-0.263307298019,-0.142152349741,0.0757918088182,0.151906279697,-0.0566956135785,-0.0173127335713,0.107894732148,-0.0938002212122,0.0263749460763,-0.158176161139,0.0172007987744,0.130639265393,"ישראלים תקועים בגאורגיה: ""מייאש ומתסכל"""
0.168112199033,-0.0986885663281,-0.0683728534478,0.41064303417,-0.103324169508,0.0482421980244,-0.0323609882112,-0.105185926815,0.0215691042228,0.0577021823442,-0.0763944780194,-0.16391290319,0.0757550152037,0.15511037663,-0.0185513423418,0.226542471782,0.0551564344946,0.048136866263,0.0164816709032,0.0389909319268,0.105422625749,0.130604802444,0.0972646535639,-0.274829082652,-0.0380962523765,-0.0978126377174,-0.0526319874402,0.0417186150443,-0.0316320903648,0.0792812393291,ערב קטלני בכבישים: 3 הרוגים בתאונות דרכים
0.0488142637986,-0.0188257177852,-0.0162712918766,-0.0364724002473,-0.0083611587211,-0.0147115800747,0.0358829319004,0.0211477021467,-0.00753868269173,-0.0159045744279,-0.0014569995783,0.000210180631103,0.0202991955911,-0.0396240978795,0.00468809803157,-0.048870643311,0.0821893105374,0.00654540299587,0.0152284353913,-0.110427237977,0.126578808464,0.0523878353168,0.152342446351,0.0361195849734,-0.0619658812446,0.0211238961712,-0.0777660457264,0.0514024838529,0.173516287059,0.196169528674,מסר בבקבוק ממלטה לישראל: 'בגלל פיראטים'
0.0460920198188,-0.028301879766,0.0364386678561,-0.0164565467412,-0.017421139151,0.0131214584028,0.0239786151667,0.0261229060731,-0.0534341005719,0.0463243515533,-0.0647770511201,-0.0196342477275,-0.0580722103373,-0.0890221419389,0.192431132322,-0.153042628718,0.172024652572,-0.264939675084,0.121734815514,-0.141670425883,-0.0811736480657,-0.0825357097636,-0.178490045571,-0.239620347827,0.173698876347,-0.106273890462,-0.118662321458,-0.0951451074169,-0.204539989444,-0.0674610789361,יהודים סירבו להמריא - ערבים-ישראלים ירדו מטיסה
0.152487979656,-0.0650086259945,-0.116028990818,0.172960597955,0.154117993946,-0.00951173231304,-0.360073567951,-0.154601331769,0.154989598015,-0.233043247956,-0.157831149454,0.0933570298806,-0.045857059986,0.0561040057215,0.0297840788141,-0.115349675909,-0.094105575651,-0.037502463542,0.0932871839438,-0.0790524039297,-0.0018780571309,0.0268613215804,0.038384026319,0.00207856610357,-0.0217460522539,0.0028984591097,-0.00507215749847,-0.0485360697533,0.0226350022403,0.00188130252408,רחובות: גבר נספה בשריפה לעיני אשתו וילדיו
0.0696324966728,-0.0230161597479,-0.050101868223,-0.019361988001,-0.034594487977,0.0144178664205,0.0559803282139,0.044915890751,0.0343098351369,-0.00567996642014,0.0254433564925,0.0326908243086,0.0170333792717,-0.0491549870417,0.0349827561072,-0.0715448445388,-0.0305803966602,0.178150262567,-0.00256296552188,-0.099343757232,-0.00381888076913,-0.00314234465302,0.0662569050352,0.0733589412105,-0.0932746157518,-0.069477671459,-0.275854286321,0.0957524692059,-0.156535291816,0.164757973125,צפו: האוליגרך המדומה - מה מוכנים לעשות בשבילו?
0.161664262763,-0.0688542256843,-0.0464807738802,0.258514675806,-0.0989333064887,0.0327226434723,0.155583217235,-0.014712350071,-0.010462806951,0.0725292246029,-0.0353231386808,-0.0363880016142,0.0436024250167,0.00617240791142,-0.0948830090084,-0.00967112776218,0.0555679456269,-0.0260587318489,0.0336595201993,0.127184602153,0.0672363998703,0.0388907391507,-0.0268651495158,-0.0221897768752,0.00242234848042,0.111051551583,-0.0614495973523,0.0534581198117,0.0697912752309,-0.0380945009316,תיעוד: נהג הסעות ילדים נוסע בפראות 
0.113243770338,-0.0390883671118,-0.0913503461623,-0.102797341551,-0.0333931567193,-0.0780478511861,0.0763052821289,-0.0813693883206,-0.130085668561,0.0206547705889,-0.164013553033,-0.0548569144108,-0.17909451917,0.0992238991739,-0.0837558686296,-0.0668123972165,-0.102252362247,0.0478864670037,0.00672061676819,-0.129666552383,0.0411337881149,0.0568370935658,0.064446443793,0.0579118368632,0.0245610848343,-0.0433742075344,-0.0353375640409,-0.0251709792992,0.167045976724,-0.0144354152397,"המחבל ברמת אביב? התושבים חלוקים על הודעת ההרגעה של המפכ""ל"
0.0692065658642,-0.00700581421102,-0.0607954875367,-0.0526877493573,-0.0291044284689,-0.0233836686683,0.0102445651061,0.110263121472,0.0814353238677,0.0137644262255,-0.020630509436,0.042980308388,0.121463170442,-0.110951928079,-0.0137765000855,-0.0313325915428,-0.0858724100769,0.0146895995248,0.0392754980638,-0.0669782964848,0.0504841676779,-0.0264599602848,-0.0689115495865,-0.0992691157654,0.0493000598407,-0.0532541642167,-0.277974655507,0.136411564147,0.341779986727,0.0476586852421,"האזינו לסגן ראש העיר לוד מאיים על תושבת: ""נוציא את בנך מהבית"""
0.13807433214,-0.0245953949481,-0.130897126031,-0.13925048527,-0.0936255285442,-0.0998046721515,0.0162435239377,-0.0248846387341,-0.0365399737808,0.0392749279825,-0.134117503154,0.0220031930422,0.0368267493052,-0.0700501373076,-0.00841387536967,-0.145704372898,0.0350054006129,-0.0232209174347,-0.00643288127064,0.175464857522,-0.0487165735347,0.00876725994472,0.0570094755177,-0.112817570126,0.0305872383473,-0.0576882193381,0.348301675797,0.416472116078,-0.0623352483468,0.0340914151283,"גם במגזר הערבי חוששים מהמחבל: ""מתוח לא פחות מאשר אצל היהודים"""
0.15406847675,-0.0388799115613,-0.147661101705,-0.16641708526,-0.113442644096,-0.116503276819,0.0398626201335,-0.083211696104,-0.193050156607,0.0434382958991,-0.133148720651,-0.0874698846589,-0.116100180485,0.0853596926131,-0.0721244362548,-0.0909533302812,-0.168412320183,0.0255166599697,-0.0973613041658,0.100255690998,-0.0536496810313,-0.0179598910705,-0.138310637901,-0.0372651349934,-0.047709213514,-0.0512557981226,0.148692512189,0.114880925766,-0.0550950150958,0.0579783865922,"חוזרים לסימטא: ""מתחבקים כי עד עכשיו לא הספקנו"" "
0.208690389303,-0.112612471426,-0.02544525352,0.246996537511,-0.14810410683,0.0753112661453,0.4229833741,-0.125518362188,0.0455527606414,-0.116102137604,0.15005853809,0.345901438759,-0.177049960334,-0.0422590951723,-0.0121529486105,-0.0289462624094,-0.0426320393689,-0.0431274328002,-0.0149517972599,-0.0400830112579,-0.109435418068,-0.0823702553464,-0.0266197819932,0.0448742590301,-0.0112708646672,0.02289637657,-0.0119614633597,0.00686046342848,-0.0554408690486,0.00313456808101,"15 ק""מ ב-54 דקות: סיוט עומסי הרכבת הקלה"
0.156942925575,-0.0230233810718,-0.135965144558,-0.129586708282,-0.107012291635,-0.142289079615,-0.021074996416,-0.0649068984862,0.0597747338247,0.0210340921197,-0.0148191629136,0.0332208985215,0.0547042910964,-0.228342021834,-0.0812501834414,0.233556673298,0.262303021101,0.147968777193,0.115312900597,-0.206717809414,0.0260970847223,0.200375638433,-0.0788270216749,0.0538041212739,-0.0268995160605,0.0649427149624,0.102659892443,-0.138537975908,-0.0850792729563,-0.0251200104106,"משפחת הנרצח מדיזנגוף לנשיא: ""ערבי הרג יהודי, הכירו בזה כטרור"""
0.115622580363,-0.0408859496536,-0.0759730965602,0.0462309085111,-0.0342951251707,-0.0193553920283,0.0244758534482,0.0895184782684,-0.0213585574219,0.0384149889173,-0.0452453305426,0.0433122335939,0.0946587945494,-0.110718608644,0.0184912547238,-0.110125150605,0.00123384970531,-0.108649001062,-0.180451729143,0.0920037333631,-0.0660043538607,0.124813180754,0.0373527920984,-0.0226458530032,-0.0446260451873,0.119402969544,-0.0562866971934,0.0591350970106,0.139791432981,-0.221866257631,בשל כדור ספוג: בן 12 מעיסאוויה במצב קשה
0.128558195169,-0.0185060842353,-0.0728554565987,-0.0194231889489,-0.0249425772415,0.115192358039,0.00727107171172,0.353761436109,-0.108443171725,-0.156139263236,-0.084866045459,0.12119974188,0.15805479479,0.400989719536,-0.0226691939618,0.188347762164,0.101567930642,-0.178859189031,-0.051620083269,-0.167435522344,-0.0435495924312,-0.0295332556103,-0.152343657608,0.135384874348,-0.0777808842701,0.0428026228794,0.0593637720246,0.0785347633155,-0.0278352375062,0.0449978163976,"עונשו של פדופיל קוצר: ""בת 9 לא תיארה במדויק את התקיפה"""
0.0762515522395,-0.0237879319613,-0.0620176239142,-0.0489897820638,-0.0125203270996,-0.0118434586164,0.0465429858612,0.0862313051024,0.0387118547212,0.0506677324043,-0.0403925001813,0.00872669433818,0.14717355263,-0.0944911098553,0.0113628221678,-0.0821111879194,-0.136647077017,0.085365362838,0.0398170590021,-0.100712130498,-0.0789478059365,-0.00263011345486,0.0892368414266,0.0215427765326,-0.0509584012684,-0.113584366442,-0.124898603655,0.153654506503,-0.00812716169501,0.0362216112025,"בדיחה רעה: עאמר הפך ל""מחבל מדיזנגוף"""
0.0646043231544,-0.0228891286919,-0.04984537959,-0.0268553259465,0.0133528033863,0.0308767016909,0.0347566862853,0.0406711368641,-0.0169075027079,-0.00754924515827,-0.0408036933512,0.0396161328897,0.0607666684589,-0.026479788309,0.0050068615139,-0.018249481986,-0.0469572752356,0.0910287425503,0.00733926380272,-0.0693718354067,-0.0530507970286,0.053051280489,0.0131289642396,0.0290187982358,0.0171474087451,0.0243594255512,-0.0848511767813,0.128875798231,-0.0731565460262,-0.00754999196401,"הקבלן, ""דמי השתיקה"" והכספת. המסמכים שיפלילו את שמעוני?"
0.325978610348,-0.294869760258,0.460374506415,-0.0864035786307,0.0399406234065,-0.00247294329767,-0.10886030217,0.0125991201241,0.0111922914416,0.106073637321,0.00519397501956,0.080718820876,-0.0361671573114,0.027562932659,-0.0257974400308,0.0320247036055,-0.0130878166859,-0.0144425194563,-0.0034837519623,0.0325964711144,-0.00667858814992,0.0326531190349,0.0060678500499,0.00629607943341,0.0477391303748,-0.0487668472762,0.0642092448237,-0.00778676391047,0.0277511081348,-0.0173186880486,יום סוער: רוכב טרקטורון נסחף בזרם המים בעמק יזרעאל
0.113044860131,-0.112182560618,0.162541288158,0.0149876295338,0.0160823349235,-0.0283975685232,-0.270235726807,0.0840187477501,-0.0414802775412,0.430873182571,-0.0163975659983,0.332793678992,-0.202998365291,0.0382086910666,-0.0206703551169,0.0396746788579,-0.0455487556456,0.00371257474267,-0.0117595570353,-0.0271186663469,0.0901668648956,0.0265536355458,-0.0666398374667,-0.0398154395386,-0.0698683992902,0.0168765509271,-0.0320846472252,0.0294969507464,0.00645882760177,-0.113124664868,אסון בסערה: רוכב טרקטורון נסחף - ונהרג
0.208689065488,-0.022807082643,-0.181925078245,-0.175370595477,-0.150490715201,-0.200274354828,-0.0961573664732,-0.203753084304,0.00976791916721,0.00143425640109,0.21132601716,0.0519625422705,0.132966505442,-0.0722988543115,-0.0385499231765,0.179723038587,0.124109584432,-0.0983627692649,-0.0236282363474,0.0121176672328,0.0348638665346,-0.112585073062,-0.0368054884981,-0.0267685671963,-0.0684549301654,-0.0709244398131,-0.00016061052472,-0.0798591221742,-0.00124149427302,0.00584784854515,"אביו של אלון בקל על חיסול המחבל: ""זו הנחמה היחידה שלנו"""
0.109723900363,-0.0185426757355,-0.0972675587816,-0.0941816331705,-0.049683119801,-0.0876623454874,-0.0193427969928,-0.0106800108572,-0.0519079281137,-0.0161369410237,-0.0415706535192,0.0327538977647,0.106267586503,-0.0585304913751,-0.093844705158,0.0141958410393,-0.0444649297139,-0.132118121267,-0.13438850852,0.123497921077,0.0332620521468,-0.112151440842,-0.0155699935738,-0.125376614843,-0.163697625409,0.131635282828,-0.0839491513142,-0.222129280822,-0.0408939613799,-0.130514397931,"משפחת המחבל: ""לא הופתענו, ציפינו לזה"""
0.148763478361,-0.0303219562299,-0.150898566389,-0.168448287308,-0.119313309023,-0.140188802692,0.00566156313128,-0.123269883687,-0.188676235025,0.0370941773721,-0.0845889541025,-0.0706253698824,-0.0884468287803,0.133065741716,-0.0673628689986,-0.0594036542248,-0.150741370358,-0.0315440025457,0.0079651201105,0.0684144707756,-0.0402332769782,-0.131034463472,-0.0884904607255,0.0278445211205,-0.129827542504,-0.174540655856,-0.0812056187797,-0.11492489105,-0.0652577192993,0.035005105232,"המחבל חוסל, המבלים חזרו לדיזנגוף"
0.187221706109,-0.154551166958,0.147691739794,0.0948363942527,0.0244670241686,-0.0285139005896,-0.304977174476,0.122209720246,-0.0751257386048,0.441207884031,0.00445613043693,0.243289781046,-0.189106935345,0.00305491773883,-0.0135650799532,0.0588823305562,-0.0339172691658,-0.00322236103141,0.0459349365027,0.0024280274716,0.0223071440951,0.015612591796,-0.0268730328192,0.0246938160752,0.0125565617322,0.0941288637892,-0.034194174851,-0.00995053644094,0.00887236658332,0.016070810272,קורבן שני לסערה: רוכב טרקטורון נוסף נהרג
0.252845851855,-0.269105019921,0.503197927919,-0.115671474276,0.0341249962681,-0.0116042814987,-0.0998522819494,-0.0209540084075,0.00637428293803,0.0876043434762,-0.00115558841106,0.00391968792907,0.00476547972169,0.0453950752745,-0.0596454498168,0.0776747074883,-0.0228335607654,-0.016901831104,0.0958704988528,0.0723196183189,-0.112391511875,0.0236249931774,-0.122636788066,-0.0187567713146,0.0187664577842,-0.0288369861362,-0.0415125942349,0.0334063315322,-0.0168434652466,-0.0780169151857,"משקעי הסערה: יותר מ-50 מ""מ גשם בכנרת"
0.0869442851211,-0.0320872607819,-0.047140780633,0.0150641424351,-0.0312813310092,-0.0194841096275,0.00558228900333,0.0300552642177,-0.0274615592322,-0.0204247813784,-0.0796941181448,0.0247398274486,0.0483726648211,0.0484703996654,0.0749060038546,-0.0814736757813,0.109251463543,-0.0214966105552,-0.119211133745,0.396986117841,0.0847520889255,0.106069301536,-0.115285656254,0.323742260346,0.112402351517,-0.0503129593627,-0.278030532201,-0.130464611322,-0.0577486161842,-0.103211696239,לוחם ולוחמת ירו והרגו מחבלים שניסו לדקור במחסום
0.234734551427,-0.0105732858968,-0.188788962252,-0.20218434727,-0.175813250187,-0.178930179961,-0.0532051273669,-0.0975086735198,0.0767467384173,0.00355569765715,0.0621632930978,0.0177008904361,-0.00519967939159,-0.15876310847,-0.137142032428,0.248300116722,0.130817354203,-0.0713693098103,-0.0104706070748,0.00354751310867,0.0135152977433,-0.0651817183045,0.0533002604743,0.0347501259495,0.01236491381,-0.118182685823,-0.0309758584339,-0.0120583897605,-0.0280867220332,0.0297038281128,אמו של אלון בקל השמיעה בבכי את ההקלטות שהשאיר לה
0.0488390071745,-0.0118296760465,-0.0430829798757,-0.0328716632623,-0.00647517484212,-0.0171641177581,0.0451570828385,0.0170417969998,-0.00643528406525,0.00548960154767,-0.112341711269,-0.0695364014036,-0.093794537777,-0.00397356105769,0.317669117657,0.135699800251,-0.045349685059,0.0319973970474,0.14890129956,0.109327226883,0.0193305573823,-0.0709686428333,-0.0294549070206,0.0206972990977,-0.148863542875,0.0482436100787,0.0359060847563,0.0161511030766,0.0673260435205,-0.0994578275728,"מנהיגים מקרטון נגד הטרור: ""איפה העולם?"""
0.138517979742,-0.063306499847,-0.0973146717756,-0.00413906690638,0.0948246182575,-0.0318368167071,-0.111824223736,0.284575234203,-0.131315270808,-0.26194524374,0.210407267062,0.0424648494345,-0.121267254535,-0.147656354612,-0.111308371786,0.065804990377,-0.020530770339,0.0764560362778,0.0441888879203,0.185064047514,0.100277891259,-0.0689971373077,0.106418400314,-0.227391555272,0.178559908717,-0.0238952617213,-0.0162949369376,-0.122970868204,-0.0419473447707,0.00361126455407,אימה בבית: חולדה נשכה תינוק בפניו
0.133082956435,-0.0663079862265,-0.0252677830464,0.166348309461,-0.0523734089766,0.0102945293898,0.0997069032361,0.0277988236211,-0.00485474113565,0.0807155420466,0.0150592412473,-0.155704351592,0.146304458044,-0.0155313779536,-0.0385901651896,-0.0451822545435,-0.0651136499413,-0.130696185415,0.123303255742,-0.0622648421206,0.112553928539,-0.15223356885,0.106784304668,0.0791586986746,0.143649669174,0.201723486307,0.161195519199,-0.164263400359,-0.0661755276057,0.0265478788328,"תיעוד מחיפה: רכב התהפך, הנהגת לא נפגעה"
0.0692400058323,-0.0289531469344,-0.0233387652008,0.010567248467,-0.00407788216314,0.0738304398248,0.0376525692711,-0.00393084996453,-0.0336193214924,0.0147705530119,-0.0424170893813,-0.0564480916884,-0.0678817683069,-0.00806263852131,0.135449815532,0.0178842668041,-0.0481609439302,-0.091587200735,-0.201661161343,-0.0808219587848,0.0597620198154,0.17686204882,-0.0100735400787,0.0353512812863,0.0675108481762,-0.223547228742,0.0928456991282,-0.101392463731,-0.0533904493722,0.162079933239,"ייתכנו שיבושים בנתב""ג: עובדי התיאום שובתים"
0.211921223354,-0.0981650811374,-0.236755617932,-0.0643907912687,0.740703425686,0.0733682056106,0.183914485273,-0.138097566523,0.0712758411918,0.129397415097,-0.00364794260583,0.00654746418088,0.0344814070736,0.0604200555173,-0.0398373759679,0.084370848999,0.0618140887446,-0.0161216874992,-0.0104729438957,-0.0101098909028,0.0181467905667,-0.0300951862731,-0.0551200039116,0.0189506225221,0.00606529820738,-0.0195808580938,0.0189101948906,0.0107925958828,-0.0474486578224,-0.0167105082137,"חשד להצתה: שריפה פרצה במשרדי ""בצלם"""
0.0819501591919,-0.039737620241,-0.0502947946805,-0.029205515562,0.0792651701017,0.023508936144,0.0149545353745,0.0612563449145,-0.0130249119337,-0.00845327290079,-0.0587247957994,0.0396916999269,0.0327158814411,-0.131796958216,-0.0102701251744,-0.0770741917828,0.0252264037983,-0.178246862208,-0.200583272719,0.0630778041364,-0.18678869972,0.21017089956,0.216299702503,-0.176935765386,-0.249683621358,0.0480928260232,-0.0395798738989,-0.178642156066,0.0681791658048,-0.0379250396152,הזנחה מתמשכת: עובש ונזילות בדירות עמידר
0.235942522177,-0.104685174522,-0.245721040714,-0.0844944536229,0.701170937239,0.0726685872406,0.216759014189,-0.15202950609,0.0745161914031,0.157480034881,-0.0287929204067,-0.00354279988034,0.0405429788925,0.0660934232163,-0.0312959246142,0.084390884687,0.0528224977387,-0.0103009414765,-0.0209881135699,-0.0099485034329,0.0176822030264,-0.0150400633959,-0.0225504553998,-0.000727467235279,-0.00105665632916,-0.0140716425639,-0.0102371398582,0.0289652365258,-0.0217380125354,-0.0156495657343,"השריפה ב""בצלם"": לא הצתה, קצר"
0.162264693618,-0.0334347850542,-0.102871785474,-0.0783468331045,-0.0452406816495,0.0115593422737,0.0566809200572,0.0857709950343,0.0732351987545,0.0507157498396,-0.178859850326,0.0904443368466,0.118411185405,-0.0659975333487,0.0704933265087,-0.202266059086,0.0635621776853,0.0619749031538,0.0071688721228,0.238957818533,0.01396410561,0.0612544045233,-0.035426699131,-0.0988503228148,0.0462725435606,-0.00263190946722,0.326496412181,0.27558825387,-0.0957280495554,0.0344110938268,ערבים - וישראלים: 1.7 מיליון שאלות אחרי הפיגוע
0.0942320805087,-0.0321563580666,-0.0308197590214,0.0286069407827,-0.0376171094429,0.0226631151801,0.0395657138511,0.0407267505896,-0.0690175529676,0.0343935289349,-0.0199411068021,-0.120880774968,-0.0623150133305,-0.171663684086,0.23050823785,-0.103761898861,0.0343091813629,-0.324945165835,-0.0711592307055,-0.241577907739,-0.0890471708857,0.0292552907894,-0.246870390189,-0.159327526005,0.305998922213,0.0298664465131,-0.0432888849808,-0.0407230106503,-0.0269255078533,-0.0110038427708,ישראלי התפרע וטיסה לניו יורק הוסטה
0.111110870841,-0.0485066634786,-0.0871944749445,-0.0261278725467,0.0385145812374,-0.0208593690655,-0.0611797271908,0.342341515835,-0.173984867291,-0.255098692187,0.159857037664,0.0839207142728,-0.0860666158384,0.0412895682636,-0.0985014186256,0.0514318085043,0.0205287305668,-0.0700069921882,0.0963882380119,0.0762068635064,0.147023771661,0.00105149444764,0.0903443913569,-0.197576663184,0.115210918984,-0.0156669500441,0.0340878591504,-0.0174952397465,-0.0391033622954,0.0419262481062,לאחר נשיכת התינוק: איך נמנעים מתקיפת חולדה?
0.0638688215209,-0.0457126575135,0.00030607558029,0.100566383838,-0.0204772621021,0.0130715223376,-0.0286820261626,0.0499393351845,-0.0492016734364,0.133265376384,0.0196029793307,-0.1082355043,0.0311496619894,-0.0666890043462,-0.0299132939532,-0.0105696279474,-0.0798276815122,-0.0688032658714,0.0811227454176,-0.0460668625183,0.0737951604423,-0.205415691929,0.0769138542074,0.208385115307,0.0604220407448,0.349852627389,0.100167469252,-0.137370529791,0.0744084950738,0.0860055802599,תאונה במוסך תועדה: נהג פגע במכונאי בשוגג
0.111928561163,-0.0626685585339,-0.0803176270706,0.10600308844,0.159049742398,0.00881207577797,-0.0879281392851,0.0734417323838,-0.055515401332,-0.0124220835535,0.103638781552,-0.130330144307,-0.0495800982269,-0.128548565675,-0.0560376803226,-0.0923136895297,-0.00288856065314,0.0602798992691,-0.0327809074141,-0.0315603842114,-0.124036288975,-0.117606301131,-0.0946055627972,0.1826372909,-0.181281434728,0.0397474676153,0.0214770390909,-0.0119052746429,0.0567712681345,0.0286781569663,תיעוד: מרפסת קורסת בבניין בירושלים
0.057064174857,-0.0409927920588,-0.000405117971934,0.113966159145,-0.0534642683644,0.0357913883342,0.184137140402,-0.0631983441372,0.0247694559971,-0.0422412692284,0.0528141823877,0.132230910487,-0.0828690929197,-0.00279994483033,-0.0143207459053,-0.00994090654956,-0.0382056970452,-0.0732857293398,-0.0106380763365,-0.0337375959264,0.115983802447,-0.0157016403047,-0.0244896695142,-0.123307667023,0.000360654621536,-0.0923152480841,0.121266890415,0.000443590045784,0.256792657696,-0.174726807778,רעננה: הושלם החיבור מכביש 4 לדרך ירושלים
0.0655069916624,-0.0305654652103,-0.0365208250082,0.00935107476644,-0.0450843187562,-0.00619718275014,0.0594308286452,-0.0141354587291,-0.00848866914019,-0.0583438306263,0.0962553680152,0.16822385682,-0.0783654266425,-0.0866870116195,0.00324234182617,-0.0426581817645,-0.0127206078832,0.0491698484511,0.00782894506023,-0.0743705304847,-0.13597403166,0.107395815933,-0.0560742593254,0.0871425851115,-0.107946163622,0.0974869563932,0.0195040520727,0.105222196513,-0.102138173969,-0.0258803103279,רימון מקום המדינה נמצא ליד גני ילדים בגני תקווה
0.111303807298,-0.0163879575832,-0.0654037880593,-0.0352482159913,-0.0353505559763,-0.0166642096168,0.0623321459632,0.0701667931998,-0.0319658752451,0.0195353786648,-0.178958693262,-0.0331965551593,-0.0593404027819,0.0377126947836,0.199764163231,-0.108865131837,0.363536323686,0.0464427211178,0.350494176872,0.0711300783885,-0.0602777706912,-0.128451041397,0.0956644464276,0.0113810346068,-0.101574833903,-0.0957725771243,-0.0626939831068,-0.0525602714873,0.117077633105,-0.0391894923862,"יהודים באירופה מסירים הכיפה: ""החיים מעל הכול"" "
0.180437937383,-0.104994618234,-0.0789197151848,0.372407531368,-0.0543701579831,-0.014401939174,-0.13536125875,-0.00246422035901,-0.0146032243733,0.0304123276813,0.0386163922337,-0.193165379426,-0.0156103373819,-0.0812113339353,-0.117780438562,-0.0627323311754,0.0763544816565,0.0323576846427,-0.0015232780044,-0.046136137626,-0.0846103188049,0.037977866245,-0.105456802554,0.112933278286,-0.0997803734192,-0.0435543888869,0.0029803951377,0.120016656463,0.0565682150539,-0.0119567399284,"תאונה בדרום: גבר נהרג, שלושת ילדיו נפצעו"
0.0717425949582,-0.0352372936853,-0.0263641887204,-0.0309437877683,-0.0385463520041,0.042472699867,0.0594176304279,0.0387360483493,0.0430344846959,-0.00465702884085,-0.00168995805725,0.0558828613694,-0.0979187659732,0.0509794910485,-0.0518824725279,-0.0670905231816,0.0315180867854,-0.0165723386575,0.0617653746221,-0.0926039424734,0.180877311491,-0.00659724579192,0.033261733266,0.00799027445479,0.0450251449139,-0.137223278437,0.0934951495796,0.0520474672285,0.355932645532,-0.274066143674,אין הכרעה: סיבוב שני בבחירות ברמת השרון
0.106379312061,-0.00928995817776,-0.071295237641,-0.0902217072519,-0.0885937757449,0.00199043058337,0.0419434431997,0.238098083366,0.555492612537,0.0936588561288,0.129446994253,-0.204127341053,-0.221776295172,0.24809606387,-0.0259710824914,-0.156936295312,-0.0313787536733,0.00777914273445,-0.0447295506825,-0.00392104118459,-0.0796958286594,-0.00461408591494,-0.00295524302923,-0.0536132994962,-0.0241281329143,0.0359050511957,0.0387232009936,-0.0641942124032,-0.0725710824006,-0.0151248175428,נפטרה מעצבת השיער ז'קלין ליכטנשטיין
0.123009134793,-0.0672427661237,-0.0576644361325,0.193018026074,0.0288231431741,-0.00987926766365,-0.105344100068,0.0811573294357,-0.127542006073,0.0313850896942,0.105837029565,-0.28111804561,-0.0304565100223,-0.164246454022,0.0166389868274,-0.164744339897,0.0404325933253,-0.0804418436747,-0.0643902756874,-0.176078003248,-0.14331960352,-0.0190586822101,-0.146817571501,0.213943862481,-0.0674319876797,-0.0946980782615,0.0819097357996,0.0704118304879,0.0841653948407,-0.0354615665268,טייס מטוס ריסוס נפצע בינוני בהתרסקות 
0.0869240085869,-0.00406183372347,-0.0674657329873,-0.0648508714957,-0.0100506518199,0.0427941557133,0.0158928270123,0.0513371125221,0.0993898986706,0.0489201824104,-0.0397063552878,0.0124039888803,0.130901986664,-0.132378803519,0.0178210016069,0.0707886761416,-0.138685871407,-0.00233580285679,0.00894519034929,-0.0819844923065,-0.0152221024134,-0.108690949948,-0.0238006860201,-0.106002827745,0.0471006847958,-0.0191693607188,-0.344099727597,0.172894374095,0.253569331748,0.185414335987,בלעדי: הבכיר לשעבר ברמי לוי דורש כסף מספק של הרשת
0.178457911496,-0.08075605382,-0.164595078846,0.0364053193277,0.302948670882,-0.00891810136702,-0.135768306843,0.187394004289,-0.0942444293353,-0.205057729779,0.176491905077,-0.0176910093381,-0.154148331319,-0.119662771268,-0.0793077493334,-0.00657546756948,-0.0738256518177,-0.00714540572468,0.10797577229,0.102512263079,0.00339500760156,-0.0784684876737,0.0437888980036,-0.0556297456756,0.0585099577653,-0.0544626420476,0.0238476905842,-0.0586759276598,-0.0321967264571,0.0157296271723,"""שמעתי תינוק בוכה"". גיבורי היום בירושלים משחזרים"
0.0799889124341,-0.021177779599,-0.0716143717281,-0.00887836269566,0.0610060674419,-0.0268084116461,-0.00260131789257,0.0111543648553,-0.101033541434,0.0351799735305,0.262268208515,-0.0104908377331,-0.00643960229213,0.107015218989,0.193342966808,-0.0614677295143,-0.0513073522081,0.0365683268273,0.0723612547145,-0.00716910407779,0.0189980934145,0.151151955475,0.113889354476,-0.0308455321541,0.0797316309196,0.0721835149187,-0.105108065505,0.144985579905,-0.0275501096162,0.0810683102263,צפו: החילוץ של הכלב ג'וק שנתקע בגדר
0.0890326025577,-0.0655400243273,0.0393687782707,0.0288670767412,-0.0179448575778,-0.0116375840074,-0.0454378150087,0.0571735553445,-0.0381950363026,0.153823479934,-0.0237545631628,0.0876700343646,-0.0697474633329,-0.0843195286006,0.0581152618556,0.0210027466719,0.0120109029011,-0.0470379414462,-0.0716252512085,0.0911309696465,-0.136926943645,-0.0280059191097,0.117590529666,0.139668420691,0.168431584677,-0.0640582571992,-0.00996735997321,-0.029598585591,-0.069029614587,0.383519275109,נמצאו אב ובתו שנעדרו במדבר יהודה
0.136597658745,-0.00772080773923,-0.109602879331,-0.134939478036,-0.114481044194,-0.0209976215171,0.0379680651609,0.214695461564,0.578018454043,0.109777539236,0.157917525707,-0.195987378416,-0.208738731435,0.18977249144,-0.078933644344,-0.116213046067,0.0130685692558,-0.00870993257501,-0.0317344993889,-0.000173527370511,-0.0407803950744,-0.0185825352776,-0.0059233802358,-0.039084786838,-0.0237069683152,0.0186812739282,-0.0376785408409,-0.0412112494717,-0.0365734351104,-0.0059850832765,"אלפים נפרדו מז'קלין ליכטנשטיין: ""אדם זהב שנתן מעצמו לאחרים"""
0.0854559630311,-0.0411914433212,-0.0307240373461,0.0264440080137,-0.00663129840623,0.00889123609755,0.0561222560544,0.0213451018409,-0.0398157493559,0.041373470677,-0.0674826564091,0.0520967460198,-0.0419879225826,0.018019778571,0.00115484587504,-0.0793923762504,0.055926843749,0.0593568944606,-0.0139703137216,0.0359075836847,0.0299001732397,-0.17707626551,0.138667749582,0.150009217474,0.0474594288452,0.336032106863,0.0244013393702,-0.0521416299288,0.137835913772,0.0345574921553,תיעוד נדיר מ-1927: רעידת האדמה הגדולה בארץ
0.393090693853,0.66618415998,0.165857315896,0.0424229434515,0.0398874066028,0.0175322468474,0.0157514497202,0.0146278315296,-0.0267476050251,0.0090275999706,-0.00596943846247,0.00626681501791,-0.00222130687968,0.0196770313021,-0.00860839831735,-0.0145133337788,-0.00137964510034,0.0164259859013,0.00128942810564,-0.00559387369884,-0.000756892044859,0.00244785801104,0.0108616396358,0.00148737361616,-0.00728264696566,-0.00560293230432,0.00606771326752,-0.00701254404018,-0.00395966535002,0.00500188515671,"בית כנסת נחנך על שם תאיר ראדה: ""בנינו לה בית"""
0.247899296751,-0.125368516155,-0.077438743105,0.523366065209,-0.12804435285,0.032632454944,-0.00511117686216,-0.0554812433324,-0.0191254474447,0.116103348105,-0.026962621773,-0.243850954801,0.138263868507,0.0792255439997,-0.129473869631,0.105496373534,0.0882684038395,0.0191793162371,0.0166726308401,0.0572887985554,0.073058694355,0.0929735028153,0.00141990597635,-0.0839720890985,-0.0104246504968,-0.054840971414,-0.041931626584,0.0469537269616,-0.0198831957509,0.00880078812829,הערב: שני הולכי רגל נהרגו בתאונות דרכים
0.10938509895,-0.00843390202333,-0.0774680911856,-0.0535438271402,-0.0633978225857,-0.0545642845328,0.0143387838923,0.0180550025704,0.0083983299552,0.0400720472411,0.0561241750176,-0.0600312620166,0.0138647666711,-0.0134202697776,-0.0752346670151,0.0313030456783,-0.0662077411464,-0.082099219185,0.0486089516095,-0.0416153652066,-0.0251825676311,0.0375970240763,0.285702849067,0.185693341981,0.212334198137,-0.0878828321008,-0.120097079747,0.0632976861257,-0.0968706202356,-0.329431605057,"""השלמתי עם המוות"". החיים החדשים של הפצועה מדיזנגוף"
0.43058419774,0.747540522153,0.19383850581,0.0582204299665,0.0557180800504,0.0146856917482,0.000821662395107,-0.00567187437708,-0.036477824632,0.00430777079332,0.00570120917254,-0.00641896750118,-0.00811823547006,0.00789263512325,0.00552914893543,-0.00215360183252,-0.027943692014,0.0127755774546,-0.0223421853944,-0.00373627631772,0.00482533218543,-0.000637842185232,-0.00569326172557,-0.0122181568975,-0.00229439337421,0.00567286320458,0.0092119735749,0.00192130812126,-0.0116555434191,-0.0148418649777,לאחר שהגשים חלומו: נפטר אביה של תאיר ראדה
0.420622118395,0.740325190158,0.186965544694,0.046733841839,0.0495509149367,-0.000562498517488,-0.00927441636867,-0.0169767055272,0.000882182861876,-0.00116687102404,0.00822247567318,0.00103782663587,-0.0130490305231,-0.0144471587609,-0.0142150945484,-0.00501920155267,-0.0124173280412,0.00263269747398,-0.0162953627982,-0.00414119440954,0.00130336676939,-0.00657637255793,-0.00435786568192,-0.0134702246275,0.00154257865669,0.0087705082944,0.00155644522356,0.00106470344927,0.00659989170378,-0.00702034242989,"שמואל ראדה נטמן: ""הלך למלכה שלו תאיר"""
0.152182075059,-0.0163906688315,-0.152536062755,-0.153271376434,-0.0776449243071,-0.056616837475,-0.00352978229895,-0.115361663889,-0.0692897378303,0.0501309896188,-0.0324533001829,-0.067160828011,-0.0515458946129,0.0157981205996,-0.0409491522862,0.0994848308003,-0.100416580402,-0.0348683445829,-0.0647618351793,0.0120431624063,0.00474303205495,-0.194340706817,-0.0356667530126,0.060075731334,0.00853396064237,-0.132548768903,-0.00269136253824,0.0605016772162,-0.0797935900471,-0.0430768255283,"מאות בפאב ה""סימטא"": ""שימי ואלון מחייכים מלמעלה"""
0.136251195763,-0.0837808740527,-0.0172776009246,0.235581418124,-0.133925414188,0.0595129151114,0.411311232208,-0.138264668696,0.0570901834742,-0.122842756862,0.189683242485,0.406303620963,-0.204699114065,-0.0453528667674,-0.0172277424441,-0.0219946743118,-0.0535583038301,-0.0227560441808,0.012074659634,-0.0136872095732,-0.140643420758,-0.0817010311615,-0.0786773452317,0.0456825958009,-0.0473649352189,0.0127898708126,0.0122405749068,0.0121181082377,-0.0218937435258,-0.00569288997563,בליל שבת: פקקים בנתיבי איילון בגלל עבודות תשתית 
0.0691164697596,-0.0474351943281,0.034428909842,-0.036140070288,-0.0198458654162,0.00515552795526,0.0388230015525,0.0554377589127,-0.0260772754639,-0.0345414840679,-0.0187721367297,-0.00553419134463,0.0219694200158,-0.04453375808,0.0417422887352,-0.20988579382,0.106678042721,0.081580392777,-0.144093396477,-0.177182026547,0.437320173928,-0.183979307261,0.142057304636,0.019762629724,-0.227159663825,0.0237897367754,-0.0710659457574,0.10180553941,-0.192520176314,0.0447559677252,צפו: כריש הגיע לחוף בהרצליה
0.0689707936443,-0.0439551034589,0.0110833644137,0.0153564117488,-0.0237660412267,0.00641588042726,0.0442832633281,0.0521844699636,0.0684545677036,-0.066472412001,6.84041203549e-05,-0.0937088097459,-0.123134473393,-0.0346464923049,0.398581976522,0.228471421673,-0.145916259879,-1.86747009918e-05,-0.033921982189,0.116089140531,0.13428440677,0.0484947843526,0.0229277637955,0.0786284175878,-0.214620884886,-0.0204725217484,0.0736635468518,-0.0551282856679,-0.00181471075782,-0.0480207895138,שיאי משקל נשברו בתחרות הדיג בכינרת
0.139028082644,-0.0775734572541,-0.0557558636773,0.133524002323,-0.0268969345725,-0.00433340245043,-0.226457997068,-0.0608015504536,0.0486519441968,-0.0925933900453,-0.103494617067,0.110630274227,0.0272569058102,0.112411550168,0.119870383374,0.0203633757479,0.143626212445,0.336999220173,-0.301364432771,-0.0732543818976,-0.122511971812,-0.222473348417,0.0672063196225,-0.115235527898,0.16076256738,0.00856702993641,0.00112897264893,-0.0614754565008,-0.0030030104055,-0.121206202236,פעוט בן שנה וחצי טבע למוות בשלולית
0.0920572411893,-0.048075535895,-0.0220486544402,0.00450001798038,-0.0252802061374,-0.0152851461538,-0.0512277963395,-0.00389595435511,0.0315706306879,-0.0679121256311,-0.104509715532,0.0214516424671,0.0297823596453,0.0455980249324,0.181635676326,0.0370593275667,0.17233761713,0.355963037736,-0.368506665406,-0.0478094112085,-0.143515848046,-0.220490566232,0.0357622572974,-0.0483260678125,0.220307226243,0.0498541817567,0.0135370282819,-0.0664725695106,0.0589082529218,-0.165902932416,"טרור קטלני באפריקה, פעוט טבע ליד מודיעין עילית. חדשות השבת"
0.101106438115,-0.0567773256784,-0.0615785053965,0.122834117677,0.0728887350078,-0.0156174761233,-0.164142900924,0.1745745153,-0.121951246082,-0.0952241108164,0.159043750285,-0.127116886884,-0.115772058899,-0.217884484607,-0.0876655850511,-0.10706766965,0.0270323132217,0.127552867156,-0.0287383576447,-0.0020270567574,-0.122886237649,-0.0910098127609,-0.14711813708,0.0641867951026,-0.148370266851,-0.0868609660717,0.102274427949,0.0831481187817,0.0847725998075,-0.0743805166534,ירושלים: בן 12 יום נכווה בינוני ממים רותחים
0.0691981047819,-0.0205990761565,-0.0425166236919,-0.0332526989704,-0.0215932739971,-0.00838761490587,0.0550364327626,0.0581576284073,0.000857083003835,0.0239945892728,-0.0654134933242,-0.0263157717737,-0.0135659335873,-0.0299642506494,0.0314181336158,-0.0991749078214,0.0739688621464,0.0433191967594,0.0514091160833,0.0689853735428,0.031725275767,0.15214566913,-0.0795440671852,-0.0970635117762,0.0360791642882,0.222786405811,0.0729410999515,0.00825979603682,-0.0814549264545,0.117911989532,"על קירות דורמיציון: ""מוות לנוצרים, הנקמה תגיע"""
0.13286925953,-0.023402359143,-0.143044149965,-0.206490248579,-0.16030890067,0.779801552612,-0.152083214816,-0.122842143042,-0.0422709161086,0.0213234239211,0.0545539098367,-0.0198394594982,-0.00128603513284,-0.0355684064244,-0.0232503011891,-0.0105752625003,0.0147910436916,0.0211646742974,0.0284125715182,0.0360664617711,0.00290456588555,-0.0152604241277,0.00299733750103,0.0131874711692,-0.0173838027788,0.0123323773717,0.0138038051761,-0.0210662213607,-0.00395115758812,-0.0170854531476,"הסוף של מגה: ""העובדים נלחמים על הבית"""
0.159874779433,-0.0129343437947,-0.144583434173,-0.198696224255,-0.161626294424,0.779148459621,-0.145897230581,-0.116373527584,-0.0322871538976,0.0175974956603,0.0525356598523,-0.0157931755958,-0.00123959850473,-0.0439141585275,-0.030609216858,0.00474120556971,0.0107809356756,-0.00463958570281,0.0441569058314,0.0291781903869,0.00748342653718,-2.73461395234e-05,0.0112862619242,0.00341909804258,-0.0127841247558,0.00622401331593,0.00686667609968,-0.0221081364442,-0.0134345962725,-0.00728879907673,"משמרת אחרונה במגה? ""ריקנות גדולה"""
0.12930874773,-0.0330802992486,-0.0544098872908,0.0510475113581,-0.0466336659215,0.00815640411548,0.102509912561,0.0849578324162,-0.0164696204972,-0.0528363878854,-0.0189012181197,0.0337677102632,0.00746165955499,0.00776403416296,-0.00714025139703,-0.0644028242227,0.119190650032,0.00433233184414,-0.143890729937,0.320316315023,0.19821586283,0.208009629198,-0.167988498907,0.304801925526,0.129073155515,-0.0818878270317,-0.200042581413,-0.0153038459278,-0.00843054353565,-0.0587745452124,"הקץ לסיוט יום א' בתחנה המרכזית ב""ש? "
0.0856833021499,0.0260601085996,-0.0200959574611,-0.0187905153151,-0.0210943534121,-0.0288419376848,0.0635494915983,0.0391119761896,-0.0495412934187,0.041793841172,-0.122660163721,0.0273124326484,-0.0747258095912,-0.00611104935412,0.207701098116,-0.14130258613,0.371420730332,-0.0268156108189,0.374872570114,0.119399364583,-0.154045169381,-0.145631380628,0.140043209786,0.00329424023323,-0.0846570349637,-0.115797994291,-0.0689844035948,-0.0840643683126,0.0627916724801,0.0456877561053,"50 ק""מ מדאעש. הרב שחיפש יהודים בעיראק"
0.128088234687,-0.00465204266587,-0.0696914105692,-0.042834986481,-0.0143122147126,-0.0559201780244,0.0100133919147,0.0490432312433,0.0851165345697,0.0341332526661,0.0148229073516,0.0383809100139,0.0737338517252,0.000563942570484,-0.0134254377673,-0.0410579005415,-0.0125879016005,0.117024746592,0.0563917731685,0.0227421564439,0.0705561205098,0.103224495866,-0.0821117018721,0.135199564554,0.0661516135149,-0.121078264169,0.143617310117,-0.218787844046,0.0792613417527,0.0634659963118,"האלמן של דפנה מתאבל: ""איבדתי את החברה הכי טובה שלי"""
0.0826913881523,-0.0356888701798,-0.013320862275,0.0151397839479,0.0679960053099,0.00236552915953,-0.0313589094656,0.0319660172344,-0.0405932660774,0.0316149531879,0.0802657091154,0.0151256380051,-0.0184006428484,0.0585296548044,0.0695400286447,-0.00731012534522,-0.00542811327698,-0.00722391041497,0.0549406669129,-0.0193306670842,-0.0316913867687,0.208221015688,0.158077430916,-0.0552167084967,0.0576577581676,0.0638609925911,-0.0495406191229,0.0352856872654,0.000768076108637,0.109650756843,ריח חריף במקדונלדס עורר בהלה במרכז מסחרי
0.0566410438079,-0.0290604187515,0.00224347325708,-0.0239826372434,-0.0331332949097,0.0165388655367,0.0333808870538,0.0370691968058,0.0233922863397,-0.00159604758968,9.69361362103e-06,0.038282346999,-0.0469929113621,0.0549704665632,-0.0375869627175,-0.00123258837144,0.0200871510035,-0.0126431028332,-0.0156454322099,-0.0306748730696,0.224770226583,0.115488988999,0.0778644883077,0.057555631764,0.0975652357786,-0.222309829921,0.245711461942,-0.0885986023491,0.33091702813,0.0533405445709,"אילת זועמת על סגירת שדה דב: ""מנתקים אותנו מהמרכז"""
0.285041664925,-0.253352329504,0.445021579322,-0.131799285687,0.0233725446128,0.00604260535317,0.130064407735,-0.0877234089988,0.0222845572766,-0.247696379161,0.0101006286366,-0.146358273489,0.104414560699,-0.0136269917312,-0.0184603462452,-0.0409787455865,0.0305475278681,0.0504168032788,-0.0508784259219,-0.0297075677451,0.0304783358864,-0.0229411852245,0.0514658352744,-0.0109400027646,-0.0325760095908,0.0225142015048,0.00330778971038,-0.00146173710208,-0.00242744711558,0.0387191071829,"שימו לב לסערה הבאה שתתחיל בשבת: אוויר קר מרוסיה, גשמים ואולי שלג בירושלים"
0.0801735686641,-0.0514307384793,0.0215563638572,-0.00628916896428,-0.0192231287111,-0.00987784469706,-0.0291143681375,0.0356492832281,0.0156149024628,0.0198521539609,-0.0186206629228,-0.0135161180629,0.0502928005559,0.046675450867,0.0194937452388,0.0116582789236,-0.0167389425811,0.0108614636101,0.0361462290886,0.0710440126305,-0.0626126139308,0.00451589356826,-0.107707828518,0.009752339296,-0.141985988072,0.0883267703382,-0.0740418351986,-0.0693239123297,-0.0483419304233,0.0600797258035,קורבן הסערה: הרוג בתאונת עבודה 
0.0575040969563,-0.0161399425222,-0.0354704826773,-0.00579255466233,-0.0187877746708,0.0267245160707,0.0707930948293,0.0996416077397,0.0156903037883,0.0261599480091,-0.0562231557133,0.0771165353116,0.164949488332,-0.0506783440555,0.0425241188652,-0.0626252536218,-0.180660842874,0.162097877484,0.0574805938239,-0.0111205187997,0.0281586541779,0.0156703717868,-0.176357105745,-0.0664468534504,-0.0514777734694,-0.0512880500202,-0.0145157954209,-0.14636377168,0.0863132632877,0.118171220992,המבצע של הספרנית להשבת המסמך הנדיר
0.127248531557,-0.040783741047,-0.0742244480045,-0.021088239396,-0.0416635836493,0.0502721207738,0.0259553700682,0.384136372325,-0.0957264756427,-0.141256588964,-0.106964627074,0.140346759499,0.214138969784,0.354099144676,0.00206023462239,0.210107174683,0.0988134108938,-0.175815708047,-0.0107228183626,-0.210201597657,-0.0919197555013,-0.0586890715435,-0.100929040602,0.123235554001,-0.0473483988465,-0.0224865286636,0.0463098932918,0.103365808005,-0.0110542650984,0.0102842651049,"""במשך שנים שתקנו. זה נגמר"""
0.078063198473,-0.00854729298407,-0.0643030283536,-0.0493843771595,-0.0371869874653,-0.0275827979558,-0.0044689095128,0.0419486272372,0.0137680493846,-0.0237934640548,0.0154933675379,-0.0305547857872,-0.0143986441803,-0.0337730154243,0.0138089611827,0.112887788794,-0.0523683606868,-0.0623454069651,0.0161026410666,-0.0315255647944,-0.0228593488509,0.0375141197232,0.126770106842,0.0671777344984,0.0914819336895,0.0935201755157,-0.0160099406252,0.192100291465,0.00119531214543,-0.113291783228,"""נאור ניצח"": ילד רמדיה חוגג בר מצווה"
0.10817946862,-0.0372479805504,-0.0602707409314,-0.0414245812999,0.00105742812692,0.0138135260677,0.0612471154403,0.180139821628,0.0869645508494,0.0901577648672,-0.10432734156,0.113245406448,0.297397194158,-0.102479307631,0.0669177693358,-0.0739946630421,-0.263249023216,0.230237024721,0.0872509305603,-0.0236236968042,-0.0577062140499,-0.0144323195615,-0.169363984931,-0.0834501014601,-0.0114138574957,-0.127076151805,0.0476137147711,-0.184505883384,0.0751171027564,0.0239447965743,"למכירה ב-200 אלף דולר: ""האופניים שעליהם רכב נתניהו"""
0.126919249631,-0.0594897659828,-0.0514629792344,0.0862545988058,-0.0652487972586,0.0116726219013,0.121401160521,0.109498281756,0.0337715508044,0.125418935921,-0.0705466482978,0.0345436976568,0.319883287566,-0.0850379566418,-0.0183047755633,-0.0983528408367,-0.258240732266,-0.0515105483889,0.103958892276,0.0494356691312,0.0485084463923,-0.13544948455,0.0501040482813,-0.0416672328791,0.0493523553592,-0.0265439651096,0.0994612727669,-0.224878428095,-0.132737596522,-0.113494756129,"חשד לכנופיית שודדי רכב בצפון: ""יצאו עם אקדחים"""
